{
  "pairwise_metrics": [
    {
      "annotator1": "human_annotations_20250213_101840",
      "annotator2": "human_annotations_20250213_103525",
      "agreement_rate": 0.4583333333333333,
      "kappa": -0.23809523809523814
    },
    {
      "annotator1": "human_annotations_20250213_101840",
      "annotator2": "human_annotations_20250212_181704",
      "agreement_rate": 0.5625,
      "kappa": 0.03448275862068961
    },
    {
      "annotator1": "human_annotations_20250213_103525",
      "annotator2": "human_annotations_20250212_181704",
      "agreement_rate": 0.6458333333333334,
      "kappa": 0.1282051282051282
    }
  ],
  "overall_metrics": {},
  "language_metrics": {
    "Arabic": {
      "mean_agreement": 0.4583333333333333,
      "std_agreement": 0.15590239111558088,
      "mean_kappa": -0.14070486951842884,
      "std_kappa": 0.2926458650616481,
      "mean_score": 0.3541666666666667,
      "std_score": 0.4782600118020415,
      "n_samples": 48
    },
    "Bengali": {
      "mean_agreement": 0.5833333333333334,
      "std_agreement": 0.10622957319984969,
      "mean_kappa": -0.10161443494776827,
      "std_kappa": 0.25858875479760696,
      "mean_score": 0.25,
      "std_score": 0.4330127018922193,
      "n_samples": 48
    },
    "Chinese": {
      "mean_agreement": 0.625,
      "std_agreement": 0.13501543121683043,
      "mean_kappa": 0.1623824451410658,
      "std_kappa": 0.2888769871184703,
      "mean_score": 0.3333333333333333,
      "std_score": 0.4714045207910317,
      "n_samples": 48
    }
  }
}